1,Dupont,Nicolas,m4chinegod,jdupont@mail.com,password123,Oui,Niveau 1,…
2,Martin,Jules,ujloos,lmartin@mail.com,1234abcd,Oui,Niveau 1,…
3,Durand,Thomas,equinoxh ,pdurand@mail.com,pass2021,Oui,Niveau 1,…
4,Lefevre,Jean,skayl,lessscieu@mail.com,ekk0,Oui,Niveau 1,…
5,Moreau,Arnaud,arn4uud,cmoreau@mail.com,claude789,Oui,Niveau 1,…
6,Laurent,Justine,justjustine,slaurent@mail.com,sophiepass,Oui,Niveau 1,…
7,Simon,Paul,psimon,psimon@mail.com,password,Oui,Niveau 1,…
8,Michel,Anne,amichel,amichel@mail.com,anne1234,Oui,Niveau 1,…
9,Bernard,Julien,jbernard,jbernard@mail.com,bernard567,Oui,Niveau 1,…
10,Roux,Claire,croux,croux@mail.com,claire890,Oui,Niveau 1,…
11,Fontaine,Laura,lfontaine,lfontaine@mail.com,laura098,Oui,Niveau 1,…
12,Morel,Eric,emorel,emorel@mail.com,ericpass,Oui,Niveau 1,…
13,Girard,Isabelle,igirard,igirard@mail.com,isabelle,Oui,Niveau 2,…
14,Garcia,Thomas,tgarcia,tgarcia@mail.com,thomaspass,Oui,Niveau 2,…
15,Perrin,Elise,eperrin,eperrin@mail.com,elise789,Oui,Niveau 2,…
16,Morin,Antoine,amorin,amorin@mail.com,antoine123,Oui,Niveau 2,…
17,Blanc,Luc,lblanc,lblanc@mail.com,lucpass,Oui,Niveau 2,…
18,Garnier,Julie,jgarnier,jgarnier@mail.com,julie456,Oui,Niveau 2,…
19,Faure,Emilie,efaure,efaure@mail.com,emilie1234,Oui,Niveau 2,…
20,Carpentier,Vincent,vcarpentier,vcarpentier@mail.com,vincent890,Oui,Niveau 2,…
21,Thomas,Matthieu,WarpRunner,mthomas@mail.com,matthieu567,Oui,Niveau 2,…
22,Leroy,Juliette,jleroy,jleroy@mail.com,juliettepass,Oui,Niveau 2,…
23,Legrand,Marcel,legrand,mlegrand@mail.com,marcel123,Oui,Niveau 2,…
24,Lemoine,Maxime,n30r34p3r,mlemoine@mail.com,maximepass,Oui,Niveau 2,…
25,Lecomte,Manon,mlecomte,mlecomte@mail.com,manon789,Oui,Niveau 2,…
26,Rousseau,David,drousseau,drousseau@mail.com,davidpass,Oui,Niveau 2,…
27,Vincent,Charlotte,cvincent,cvincent@mail.com,charlotte123,Oui,Niveau 2,…
28,Picard,Lucas,lpicard,lpicard@mail.com,lucaspass,Oui,Niveau 2,…
29,Deschamps,Camille,cdeschamps,cdeschamps@mail.com,camille789,Oui,Niveau 2,…
30,Caron,Antoine,acaron,acaron@mail.com,antoinepass,Oui,Niveau 2,…
31,Alice,Chloé,tsunemori,sybil@mail.com,chloepass,Oui,Niveau 2,…
32,Lopez,Théo,tlopez,tlopez@mail.com,theopass,Oui,Niveau 2,…
33,Dubois,Clémence,cdubois,cdubois@mail.com,clemence123,Oui,Niveau 2,…
34,Roger,Juliette,AgentSmith,jroger@mail.com,juliette567,Oui,Niveau 2,…
35,Philippe,Emma,ephilippe,ephilippe@mail.com,emmapass,Oui,Niveau 2,…
36,Gasquet,Hugo,morph3u5prime,hgasquet@mail.com,hugopass,Oui,Niveau 2,…
37,Lemoine,Léa,llemoine,llemoine@mail.com,leapass,Oui,Niveau 2,…
38,Mercier,Jules,jmercier,jmercier@mail.com,jules123,Oui,Niveau 2,…
39,Arnaud,Manon,3ldarPhantom,marnaud@mail.com,manonpass,Oui,Niveau 2,…
40,Dupuis,Romain,rdupuis,rdupuis@mail.com,romain123,Non,Niveau 2,réglé
41,Lambert,Marine,mlambert,mlambert@mail.com,marinepass,Oui,Niveau 2,…
42,Leroux,Nathan,nleroux,nleroux@mail.com,nathan567,Oui,Niveau 2,…
43,Salander,Lisbeth,firegirl,waspenterprises@mail.com,st0ckh0lm,Oui,Niveau 2,…
44,Martin,Lucas,ne0,lmartin@mail.com,lucas123,Oui,Niveau 2,...
45,Durand,Pierre,pdurand,pdurand@mail.com,pierre456,Oui,Niveau 2,...
46,Lefevre,Thomas,tlefevre,tlefevre@mail.com,thomas789,Oui,Niveau 2,...
47,Moreau,Mathieu,mmoreau,mmoreau@mail.com,mathieu012,Oui,Niveau 2,...
48,Laurent,Antoine,alaurent,alaurent@mail.com,antoine345,Oui,Niveau 2,...
49,Simon,Julien,jsimon,jsimon@mail.com,julien678,Oui,Niveau 2,...
50,Bouchardon,Mikaël,mikkk3,mikbouch@mail.com,603,Oui,Niveau 2,48.667506; 2.245672
53,Fontaine,Victor,vfontaine,vfontaine@mail.com,victor890,Oui,Niveau 2,...
54,Morel,Samuel,smorel,smorel@mail.com,samuel123,Oui,Niveau 2,...
55,Girard,Adrien,agirard,agirard@mail.com,adrien456,Oui,Niveau 2,...
56,Garcia,Simon,sgarcia,sgarcia@mail.com,simon789,Oui,Niveau 2,...
57,Perrin,Thomas,tperrin,tperrin@mail.com,thomas012,Oui,Niveau 2,...
58,Morin,Benjamin,bmorin,bmorin@mail.com,benjamin345,Oui,Niveau 2,...
59,Blanc,Nicolas,nblanc,nblanc@mail.com,nicolas678,Oui,Niveau 2,...
60,Garnier,Maxime,mgarnier,mgarnier@mail.com,maxime901,Oui,Niveau 2,...
61,Faure,Alexandre,afaure,afaure@mail.com,alexandre234,Oui,Niveau 2,...
62,Carpentier,Louis,lcarpentier,lcarpentier@mail.com,louis567,Oui,Niveau 2,...
63,Thomas,Romain,rthomas,rthomas@mail.com,romain890,Oui,Niveau 2,...
64,Leroy,Arthur,aleroy,aleroy@mail.com,arthur123,Oui,Niveau 2,...
65,Legrand,Leo,llegrand,llegrand@mail.com,leo456,Oui,Niveau 2,...
66,Lemoine,Etienne,elemoine,elemoine@mail.com,etienne789,Non,Niveau 2,doxx
67,Lecomte,Julien,tyr4n1dsw4rm,jlecomte@mail.com,julien012,Oui,Niveau 2,...
68,Rousseau,Gabriel,grousseau,grousseau@mail.com,gabriel345,Oui,Niveau 2,...
69,Vincent,Mathieu,mvincent,mvincent@mail.com,mathieu678,Oui,Niveau 2,...
70,Picard,Sebastien,spicard,spicard@mail.com,sebastien901,Oui,Niveau 2,...
71,Deschamps,Arthur,adeschamps,adeschamps@mail.com,arthur234,Oui,Niveau 2,...
72,Caron,Valentin,vcaron,vcaron@mail.com,valentin567,Oui,Niveau 2,...
73,Marie,Nathan,nmarie,nmarie@mail.com,nathan890,Oui,Niveau 2,...
74,Lopez,Raphael,rlopez,rlopez@mail.com,raphael123,Oui,Niveau 2,...
75,Renard,Julien,jrenard,jrenard@mail.com,julien234,Oui,Niveau 2,...
76,Marchand,Lucas,lmarchand,lmarchand@mail.com,lucas345,Oui,Niveau 2,...
77,Roussel,Maxime,mroussel,mroussel@mail.com,maxime456,Oui,Niveau 2,...
78,Robin,Thomas,trobin,trobin@mail.com,thomas567,Oui,Niveau 2,...
79,Gauthier,Paul,pgauthier,pgauthier@mail.com,paul678,Non,Niveau 2,doxx
80,Duval,Pierre,pduval,pduval@mail.com,pierre789,Oui,Niveau 2,...
81,Denis,Hugo,hdenis,hdenis@mail.com,hugo012,Oui,Niveau 2,...
82,Leger,Antoine,aleger,aleger@mail.com,antoine123,Oui,Niveau 2,...
83,Huet,Nicolas,nhuet,nhuet@mail.com,nicolas234,Oui,Niveau 2,...
84,Pires,Louis,lpires,lpires@mail.com,louis345,Oui,Niveau 2,...
85,Lemoine,Mathis,mlemoine,mlemoine@mail.com,mathis456,Oui,Niveau 2,...
86,Martinez,Alexandre,amartinez,amartinez@mail.com,alexandre567,Oui,Niveau 2,...
87,Lacroix,Samuel,slacroix,slacroix@mail.com,samuel678,Oui,Niveau 2,...
88,Blanchard,Victor,vblanchard,vblanchard@mail.com,victor789,Oui,Niveau 2,...
89,Meyer,Gabriel,meyer,meyer@mail.com,gabriel012,Oui,Niveau 2,...
90,Leclerc,Nathan,nleclerc,nleclerc@mail.com,nathan123,Non,Niveau 2,terminé
91,Dumas,Julien,jdumas,jdumas@mail.com,julien234,Non,Niveau 2,doxx
92,Benoit,Paul,pbenoit,pbenoit@mail.com,paul345,Oui,Niveau 2,...
93,Roger,Arthur,aroger,aroger@mail.com,arthur456,Oui,Niveau 2,...
94,Chauvet,Romain,rchauvet,rchauvet@mail.com,romain567,Oui,Niveau 2,...